"EMAIL","ADDRESS","PHONENUMBER","FIRSTNAME","LASTNAME"
"senseiya@hotmail.com","nameg","083568396","otoga","misukena"
"shinso","tokyo, japan","076397492","otaku","abe"
"yeeeee@yahoo.com","australia","0912384124","ahah","yeye"
"asdfsadfasdf","sadfsadfasdf","asdfsadfsadf","aaa","ddvv"
"c","e","d","a","b"
"ham@gmail.com","","","",""
"mheeboost@gmail.com","","","",""
"teep@gmail.com","","","",""
"pit@gmail.com","","","",""
"johny@gmail.com","","","",""
"captain_america@gmail.com","","","",""
"iron@gmail.com","","","",""
"blackpearl@gmail.com","","","",""
"abracadabra@hotmail.com","","","",""
"feya@gmail.com","german","019321234","aester","fakando"
"leptadoga@hotmail.com","canada","041234598","fendo","lernandoga"
"jenta@gmail.com","agentina","051239876","genado","jelato"
"gergaga@gmail.com","german","0812348712","jelanto","gemany"
"ohoyo@gmail.com","germany","098123451","absado","jalato"
"ccc","eeee","ddd","aaa","bbb"
"hello@gmail.com","","0882526789","hi","me"
"qw4wqe","wer","asfgasg","gasgas","hwrqh"
"qwer","xzcvxzcv","asdf","ght","wer"
"omahaga@gmail.com","england","0912384125","opera","yoyo"
"taeyeon@gmail.com","seoul","0889786543","kim","taeyeon"
"yoona@gmail.com","seoul","0873426472","im","yoona"
"yuri@gmail.com","gangnam","0846273415","kwon","yuri"
"kyuhyun@gmail.com","jongno","0815463728","jo","kyuhyun"
"test","test","test","test2","test"
